{
  "export_timestamp": "2025-07-23 08:28:39",
  "total_records": 3,
  "data": [
    {
      "product_type": "annuity",
      "data": {
        "applicant_first_name": "Yamini",
        "applicant_last_name": "Kannan",
        "applicant_birth_date": "1990-07-09",
        "applicant_gender": "F",
        "policy_face_amount": "517000",
        "policy_effective_date": "2025-07-2",
        "premium_mode": "Q"
      },
      "timestamp": "2025-07-21 13:28:26"
    },
    {
      "product_type": "annuity",
      "data": {
        "applicant_first_name": "John",
        "applicant_last_name": "Kitterman",
        "applicant_birth_date": "1990-07-09",
        "applicant_gender": "M",
        "policy_face_amount": "527560",
        "policy_effective_date": "2025-01-3",
        "premium_mode": "NQ"
      },
      "timestamp": "2025-07-21 13:29:19"
    },
    {
      "product_type": "annuity",
      "data": {
        "applicant_first_name": "Abishek",
        "applicant_last_name": "Krishna",
        "applicant_birth_date": "1990-07-09",
        "applicant_gender": "F",
        "policy_face_amount": "534000",
        "policy_effective_date": "2025-02-2",
        "premium_mode": "Q"
      },
      "timestamp": "2025-07-21 21:47:04"
    }
  ]
}