{
  "name": "Life Insurance Mapping Template",
  "product_type": "life_insurance",
  "description": "Standard field mapping template for life insurance policies including policy details, insured information, and coverage amounts.",
  "created_date": "2025-08-12T15:15:53.556869",
  "field_mappings": [
    {
      "source": "PolicyNumber",
      "target": "policy_number",
      "transformation": "trim",
      "required": true
    },
    {
      "source": "InsuredFirstName",
      "target": "insured_first_name",
      "transformation": "trim",
      "required": true
    },
    {
      "source": "InsuredLastName",
      "target": "insured_last_name",
      "transformation": "trim",
      "required": true
    },
    {
      "source": "DateOfBirth",
      "target": "birth_date",
      "transformation": "date_format",
      "required": true
    },
    {
      "source": "Gender",
      "target": "gender",
      "transformation": "uppercase",
      "required": true
    },
    {
      "source": "CoverageAmount",
      "target": "coverage_amount",
      "transformation": "currency_format",
      "required": true
    },
    {
      "source": "PremiumAmount",
      "target": "premium_amount",
      "transformation": "currency_format",
      "required": true
    },
    {
      "source": "EffectiveDate",
      "target": "effective_date",
      "transformation": "date_format",
      "required": true
    },
    {
      "source": "ProductCode",
      "target": "product_code",
      "transformation": "uppercase",
      "required": true
    },
    {
      "source": "BeneficiaryName",
      "target": "beneficiary_name",
      "transformation": "trim",
      "required": false
    },
    {
      "source": "AgentCode",
      "target": "agent_code",
      "transformation": "trim",
      "required": false
    },
    {
      "source": "UnderwritingClass",
      "target": "underwriting_class",
      "transformation": "uppercase",
      "required": false
    }
  ],
  "usage_instructions": {
    "step1": "Download this template file",
    "step2": "Customize the field mappings for your data source",
    "step3": "Upload to AIM field mapping page using the Load Template feature",
    "step4": "Fine-tune mappings and validation rules as needed"
  }
}